"position","const","created","modified","description","Title","Title type","Directors","You rated","IMDb Rating","Runtime (mins)","Year","Genres","Num. Votes","Release Date (month/day/year)","URL"
"254","tt2397283","Sun Jan  6 20:23:49 2013","Sun Jan  6 20:23:49 2013","","Suits: The Choice","TV Episode","Kevin Bray","","8.4","43","2011","comedy, drama","322","2012-06-21","http://www.imdb.com/title/tt2397283/"
"253","tt2571320","Sat Jan  5 20:30:34 2013","Sat Jan  5 20:30:34 2013","","The Big Bang Theory: The Egg Salad Equivalency","TV Episode","Mark Cendrowski","","8.3","","2007","comedy","271","2013-01-03","http://www.imdb.com/title/tt2571320/"
"252","tt2383317","Fri Jan  4 20:46:12 2013","Fri Jan  4 20:46:12 2013","","Community: Introduction to Finality","TV Episode","Tristram Shapeero","","9.0","","2009","comedy","486","2012-05-17","http://www.imdb.com/title/tt2383317/"
"251","tt2122569","Fri Jan  4 20:27:00 2013","Fri Jan  4 20:27:00 2013","","Castle: An Embarrassment of Bitches","TV Episode","Thomas J. Wright","","8.1","45","2009","comedy, crime, drama, mystery","302","2012-01-23","http://www.imdb.com/title/tt2122569/"
"250","tt2199829","Thu Jan  3 19:47:46 2013","Thu Jan  3 19:47:46 2013","","Awake: Slack Water","TV Episode","Nick Gomez","","7.7","","2012","drama, fantasy, mystery","102","2012-05-03","http://www.imdb.com/title/tt2199829/"
"249","tt1248337","Thu Jan  3 19:47:14 2013","Thu Jan  3 19:47:14 2013","","30 Rock: Apollo, Apollo","TV Episode","Millicent Shelton","","8.5","30","2006","comedy","269","2009-03-26","http://www.imdb.com/title/tt1248337/"
"248","tt0707445","Wed Jan  2 19:07:05 2013","Wed Jan  2 19:07:05 2013","","Sports Night: Smoky","TV Episode","Robert Berlinger","","8.4","","1998","comedy, drama, sport","34","1999-01-05","http://www.imdb.com/title/tt0707445/"
"247","tt0707456","Wed Jan  2 19:06:50 2013","Wed Jan  2 19:06:50 2013","","Sports Night: The Six Southern Gentlemen of Tennessee","TV Episode","Robert Berlinger","","8.6","","1998","comedy, drama, sport","46","1998-12-15","http://www.imdb.com/title/tt0707456/"
"246","tt0707443","Wed Jan  2 19:06:35 2013","Wed Jan  2 19:06:35 2013","","Sports Night: Shoe Money Tonight","TV Episode","Dennie Gordon","","8.2","","1998","comedy, drama, sport","41","1998-12-08","http://www.imdb.com/title/tt0707443/"
"245","tt0707454","Wed Jan  2 19:06:18 2013","Wed Jan  2 19:06:18 2013","","Sports Night: The Quality of Mercy at 29K","TV Episode","Thomas Schlamme","","8.0","","1998","comedy, drama, sport","46","1998-12-01","http://www.imdb.com/title/tt0707454/"
"244","tt0707459","Wed Jan  2 19:06:07 2013","Wed Jan  2 19:06:07 2013","","Sports Night: Thespis","TV Episode","Thomas Schlamme","","8.1","","1998","comedy, drama, sport","47","1998-11-17","http://www.imdb.com/title/tt0707459/"
"243","tt2364992","Wed Jan  2 06:18:31 2013","Wed Jan  2 06:18:31 2013","","Touch: The Road Not Taken","TV Episode","Nelson McCormick","","7.1","43","2012","drama, mystery, sci_fi","99","2012-09-14","http://www.imdb.com/title/tt2364992/"
"242","tt2185442","Tue Jan  1 20:45:08 2013","Tue Jan  1 20:45:08 2013","","Suits: She Knows","TV Episode","Michael Smith","","9.0","48","2011","comedy, drama","615","2012-06-14","http://www.imdb.com/title/tt2185442/"
"241","tt2279599","Tue Jan  1 16:53:19 2013","Tue Jan  1 16:53:19 2013","","Community: The First Chang Dynasty","TV Episode","Jay Chandrasekhar","","9.1","","2009","comedy","496","2012-05-17","http://www.imdb.com/title/tt2279599/"
"240","tt2484360","Tue Jan  1 16:46:26 2013","Tue Jan  1 16:46:26 2013","","Person of Interest: Til Death","TV Episode","Helen Shaver","","8.2","44","2011","action, drama, mystery, thriller","213","2012-11-29","http://www.imdb.com/title/tt2484360/"
"239","tt0837562","Tue Jan  1 15:44:48 2013","Tue Jan  1 15:44:48 2013","","Hotel Transylvania","Feature Film","Genndy Tartakovsky","6","7.1","91","2012","animation, comedy, family","16288","2012-09-08","http://www.imdb.com/title/tt0837562/"
"238","tt2383315","Tue Jan  1 13:44:03 2013","Tue Jan  1 13:44:03 2013","","Community: Digital Estate Planning","TV Episode","Adam Davidson","","9.4","","2009","comedy","796","2012-05-17","http://www.imdb.com/title/tt2383315/"
"237","tt2196353","Tue Jan  1 13:43:31 2013","Tue Jan  1 13:43:31 2013","","Community: Curriculum Unavailable","TV Episode","Adam Davidson","","9.1","","2009","comedy","538","2012-05-10","http://www.imdb.com/title/tt2196353/"
"236","tt0707425","Tue Jan  1 07:41:39 2013","Tue Jan  1 07:41:39 2013","","Sports Night: Dear Louise","TV Episode","Thomas Schlamme","","8.2","","1998","comedy, drama, sport","45","1998-11-10","http://www.imdb.com/title/tt0707425/"
"235","tt0707451","Tue Jan  1 07:13:52 2013","Tue Jan  1 07:13:52 2013","","Sports Night: The Head Coach, Dinner and the Morning Mail","TV Episode","Thomas Schlamme","","8.1","","1998","comedy, drama, sport","38","1998-10-27","http://www.imdb.com/title/tt0707451/"
"234","tt0706391","Tue Jan  1 06:50:02 2013","Tue Jan  1 06:50:02 2013","","Spaced: Gatherings","TV Episode","Edgar Wright","","7.5","24","1999","comedy","259","1999-10-01","http://www.imdb.com/title/tt0706391/"
"233","tt2077851","Mon Dec 31 22:45:49 2012","Mon Dec 31 22:45:49 2012","","Sleepwalk with Me","Feature Film","Mike Birbiglia, Seth Barrish","7","6.8","90","2012","comedy","3230","2012-01-23","http://www.imdb.com/title/tt2077851/"
"232","tt1748122","Mon Dec 31 22:17:49 2012","Mon Dec 31 22:17:49 2012","","Moonrise Kingdom","Feature Film","Wes Anderson","8","7.9","94","2012","comedy, drama, romance","78353","2012-05-16","http://www.imdb.com/title/tt1748122/"
"231","tt2117068","Sat Dec 29 20:17:36 2012","Sat Dec 29 20:17:36 2012","","Castle: Dial M for Mayor","TV Episode","Kate Woods","","8.1","45","2009","comedy, crime, drama, mystery","300","2012-01-16","http://www.imdb.com/title/tt2117068/"
"230","tt2125435","Sat Dec 29 19:16:06 2012","Sat Dec 29 19:16:06 2012","","Beasts of the Southern Wild","Feature Film","Benh Zeitlin","8","7.5","93","2012","drama, fantasy","12888","2012-01-20","http://www.imdb.com/title/tt2125435/"
"229","tt0707435","Sat Dec 29 16:14:06 2012","Sat Dec 29 16:14:06 2012","","Sports Night: Mary Pat Shelby","TV Episode","Thomas Schlamme","","8.6","","1998","comedy, drama, sport","44","1998-10-20","http://www.imdb.com/title/tt0707435/"
"228","tt0707430","Sat Dec 29 16:13:51 2012","Sat Dec 29 16:13:51 2012","","Sports Night: Intellectual Property","TV Episode","Thomas Schlamme","","7.9","","1998","comedy, drama, sport","44","1998-10-13","http://www.imdb.com/title/tt0707430/"
"227","tt1707386","Sat Dec 29 14:14:05 2012","Sat Dec 29 14:14:05 2012","","Les Misérables","Feature Film","Tom Hooper","9","8.2","157","2012","drama, musical, romance","26897","2012-12-05","http://www.imdb.com/title/tt1707386/"
"226","tt2083383","Sat Dec 29 09:33:18 2012","Sat Dec 29 09:33:18 2012","","Trouble with the Curve","Feature Film","Robert Lorenz","7","6.7","111","2012","drama","11027","2012-09-19","http://www.imdb.com/title/tt2083383/"
"225","tt1248336","Thu Dec 27 20:43:07 2012","Thu Dec 27 20:43:07 2012","","30 Rock: The Bubble","TV Episode","Tricia Brock","","8.1","","2006","comedy","231","2009-03-19","http://www.imdb.com/title/tt1248336/"
"224","tt2385306","Wed Dec 26 21:45:59 2012","Wed Dec 26 21:45:59 2012","","Downton Abbey: Christmas Special 2012","TV Episode","Andy Goddard","","7.0","","2010","drama","193","2012-12-25","http://www.imdb.com/title/tt2385306/"
"223","tt2192103","Wed Dec 26 17:46:36 2012","Wed Dec 26 17:46:36 2012","","Community: Course Listing Unavailable","TV Episode","Tristram Shapeero","","8.2","","2009","comedy","417","2012-05-03","http://www.imdb.com/title/tt2192103/"
"222","tt1716777","Tue Dec 25 21:37:43 2012","Tue Dec 25 21:37:43 2012","","People Like Us","Feature Film","Alex Kurtzman","7","7.1","114","2012","drama","10775","2012-06-15","http://www.imdb.com/title/tt1716777/"
"221","tt1248335","Mon Dec 24 20:44:38 2012","Mon Dec 24 20:44:38 2012","","30 Rock: The Funcooker","TV Episode","Ken Whittingham","","8.1","","2006","comedy","259","2009-03-12","http://www.imdb.com/title/tt1248335/"
"220","tt0113862","Mon Dec 24 15:58:23 2012","Mon Dec 24 15:58:23 2012","","Mr. Holland's Opus","Feature Film","Stephen Herek","9","7.1","143","1995","drama, music","22233","1995-12-29","http://www.imdb.com/title/tt0113862/"
"219","tt2478072","Mon Dec 24 14:22:32 2012","Mon Dec 24 14:22:32 2012","","Once Upon a Time: Queen of Hearts","TV Episode","Ralph Hemecker","","8.6","","2011","adventure, drama, fantasy, mystery, romance","225","2012-12-02","http://www.imdb.com/title/tt2478072/"
"218","tt1547234","Mon Dec 24 10:37:09 2012","Mon Dec 24 10:37:09 2012","","Premium Rush","Feature Film","David Koepp","7","6.5","91","2012","action, thriller","30114","2012-08-23","http://www.imdb.com/title/tt1547234/"
"217","tt2194839","Sun Dec 23 22:12:43 2012","Sun Dec 23 22:12:43 2012","","Community: Basic Lupine Urology","TV Episode","Rob Schrab","","9.3","","2009","comedy","727","2012-04-26","http://www.imdb.com/title/tt2194839/"
"216","tt2544546","Sun Dec 23 20:42:47 2012","Sun Dec 23 20:42:47 2012","","New Girl: Santa","TV Episode","Craig Zisk","","7.9","","2011","comedy","126","2012-12-11","http://www.imdb.com/title/tt2544546/"
"215","tt2575676","Sun Dec 23 19:49:01 2012","Sun Dec 23 19:49:01 2012","","The Middle.: Twenty Years","TV Episode","Phil Traill","","7.5","","2009","comedy","8","2012-12-12","http://www.imdb.com/title/tt2575676/"
"214","tt1248334","Sat Dec 22 21:30:31 2012","Sat Dec 22 21:30:31 2012","","30 Rock: Goodbye, My Friend","TV Episode","John Riggi","","8.2","","2006","comedy","262","2009-03-05","http://www.imdb.com/title/tt1248334/"
"213","tt2082415","Sat Dec 22 20:57:25 2012","Sat Dec 22 20:57:25 2012","","Saints and Soldiers: Airborne Creed","Feature Film","Ryan Little","7","5.3","94","2012","war","871","2012-08-17","http://www.imdb.com/title/tt2082415/"
"212","tt1981677","Fri Dec 21 20:45:06 2012","Fri Dec 21 20:45:06 2012","","Pitch Perfect","Feature Film","Jason Moore","5","7.2","112","2012","comedy, music, romance","32578","2012-09-28","http://www.imdb.com/title/tt1981677/"
"211","tt2107521","Fri Dec 21 20:43:28 2012","Fri Dec 21 20:43:28 2012","","The Simpsons: Holidays of Future Passed","TV Episode","Rob Oliver","","8.6","","1989","animation, comedy, family","430","2011-12-11","http://www.imdb.com/title/tt2107521/"
"210","tt0706385","Fri Dec 21 06:39:30 2012","Fri Dec 21 06:39:30 2012","","Spaced: Beginnings","TV Episode","Edgar Wright","","7.7","24","1999","comedy","304","1999-09-24","http://www.imdb.com/title/tt0706385/"
"209","tt0701101","Thu Dec 20 19:32:38 2012","Thu Dec 20 19:32:38 2012","More old-school holiday fun for the kids.","The Simpsons: Grift of the Magi","TV Episode","Matthew Nastuk","","7.4","30","1989","animation, comedy, family","387","1999-12-19","http://www.imdb.com/title/tt0701101/"
"208","tt0348034","Thu Dec 20 19:32:05 2012","Thu Dec 20 19:32:05 2012","Showing the kids a classic.","The Simpsons: Simpsons Roasting on an Open Fire","TV Episode","David Silverman","","8.2","30","1989","animation, comedy, family","2529","1989-12-17","http://www.imdb.com/title/tt0348034/"
"207","tt0707452","Thu Dec 20 07:18:30 2012","Thu Dec 20 07:18:30 2012","","Sports Night: The Hungry and the Hunted","TV Episode","Thomas Schlamme","","7.9","","1998","comedy, drama, sport","47","1998-10-06","http://www.imdb.com/title/tt0707452/"
"206","tt0707448","Thu Dec 20 06:34:24 2012","Thu Dec 20 06:34:24 2012","","Sports Night: The Apology","TV Episode","Thomas Schlamme","","8.3","","1998","comedy, drama, sport","83","1998-09-29","http://www.imdb.com/title/tt0707448/"
"205","tt2107921","Wed Dec 19 20:57:47 2012","Wed Dec 19 20:57:47 2012","","Castle: Til Death Do Us Part","TV Episode","Jeff Bleckner","","8.1","45","2009","comedy, crime, drama, mystery","307","2012-01-09","http://www.imdb.com/title/tt2107921/"
"204","tt2194837","Wed Dec 19 20:56:05 2012","Wed Dec 19 20:56:05 2012","","Community: Virtual Systems Analysis","TV Episode","Tristram Shapeero","","8.5","","2009","comedy","526","2012-04-19","http://www.imdb.com/title/tt2194837/"
"203","tt2533218","Wed Dec 19 19:11:45 2012","Wed Dec 19 19:11:45 2012","","The Simpsons: To Cur with Love","TV Episode","Steven Dean Moore","","7.4","","1989","animation, comedy, family","85","2012-12-16","http://www.imdb.com/title/tt2533218/"
"202","tt2533216","Wed Dec 19 19:11:34 2012","Wed Dec 19 19:11:34 2012","","The Simpsons: The Day the Earth Stood Cool","TV Episode","Matthew Faughnan","","7.5","","1989","animation, comedy, family","131","2012-12-09","http://www.imdb.com/title/tt2533216/"
"201","tt2523744","Tue Dec 18 20:15:58 2012","Tue Dec 18 20:15:58 2012","","The Big Bang Theory: The Fish Guts Displacement","TV Episode","Mark Cendrowski","","8.1","","2007","comedy","452","2012-12-06","http://www.imdb.com/title/tt2523744/"
"200","tt2137555","Tue Dec 18 07:20:45 2012","Tue Dec 18 07:20:45 2012","","Awake: Game Day","TV Episode","Michael Waxman","","7.7","","2012","drama, fantasy, mystery","128","2012-04-26","http://www.imdb.com/title/tt2137555/"
"199","tt0707438","Tue Dec 18 07:19:52 2012","Tue Dec 18 07:19:52 2012","","Sports Night: Pilot","TV Episode","Thomas Schlamme","","7.9","","1998","comedy, drama, sport","60","1998-09-22","http://www.imdb.com/title/tt0707438/"
"198","tt2467598","Mon Dec 17 20:40:55 2012","Mon Dec 17 20:40:55 2012","","The Mentalist: Panama Red","TV Episode","Guy Ferland","","7.5","","2008","crime, drama, mystery, thriller","108","2012-12-09","http://www.imdb.com/title/tt2467598/"
"197","tt2508350","Sat Dec 15 20:36:38 2012","Sat Dec 15 20:36:38 2012","","Raising Hope: The Last Christmas","TV Episode","Greg Garcia","","8.3","","2010","comedy, drama, family","38","2012-12-11","http://www.imdb.com/title/tt2508350/"
"196","tt2543110","Sat Dec 15 16:49:58 2012","Sat Dec 15 16:49:58 2012","","Modern Family: Diamond in the Rough","TV Episode","Gail Mancuso","","7.6","","2009","comedy","154","2012-12-12","http://www.imdb.com/title/tt2543110/"
"195","tt2545686","Sat Dec 15 14:11:00 2012","Sat Dec 15 14:11:00 2012","","The Daily Show with Jon Stewart: Kristen Stewart","TV Episode","Chuck O'Neil","","7.7","","1996","comedy, news, talk_show","5","2012-12-13","http://www.imdb.com/title/tt2545686/"
"194","tt2545688","Sat Dec 15 14:01:48 2012","Sat Dec 15 14:01:48 2012","","The Daily Show with Jon Stewart: Cory Booker","TV Episode","Chuck O'Neil","","","","1996","comedy, news, talk_show","0","2012-12-12","http://www.imdb.com/title/tt2545688/"
"193","tt2544586","Sat Dec 15 12:15:47 2012","Sat Dec 15 12:15:47 2012","","The Daily Show with Jon Stewart: Laura Linney","TV Episode","Chuck O'Neil","","7.8","","1996","comedy, news, talk_show","6","2012-12-11","http://www.imdb.com/title/tt2544586/"
"192","tt2542810","Sat Dec 15 12:15:41 2012","Sat Dec 15 12:15:41 2012","","The Daily Show with Jon Stewart: Gene Robinson","TV Episode","Chuck O'Neil","","8.1","","1996","comedy, news, talk_show","6","2012-12-10","http://www.imdb.com/title/tt2542810/"
"191","tt1623288","Sat Dec 15 12:13:12 2012","Sat Dec 15 12:13:12 2012","","ParaNorman","Feature Film","Chris Butler, Sam Fell","8","7.1","92","2012","animation, adventure, comedy, family, fantasy, horror","21887","2012-08-03","http://www.imdb.com/title/tt1623288/"
"190","tt2528700","Fri Dec 14 21:34:10 2012","Fri Dec 14 21:34:10 2012","","New Girl: Bathtub","TV Episode","Tristram Shapeero","","7.5","","2011","comedy","116","2012-12-04","http://www.imdb.com/title/tt2528700/"
"189","tt2476644","Fri Dec 14 19:45:25 2012","Fri Dec 14 19:45:25 2012","","Once Upon a Time: Into the Deep","TV Episode","Ron Underwood","","7.9","","2011","adventure, drama, fantasy, mystery, romance","224","2012-11-25","http://www.imdb.com/title/tt2476644/"
"188","tt1248333","Thu Dec 13 21:03:05 2012","Thu Dec 13 21:03:05 2012","","30 Rock: Larry King","TV Episode","Constantine Makris","","8.1","30","2006","comedy","247","2009-02-26","http://www.imdb.com/title/tt1248333/"
"187","tt0903624","Thu Dec 13 21:02:34 2012","Thu Dec 13 21:02:34 2012","","The Hobbit: An Unexpected Journey","Feature Film","Peter Jackson","9","8.4","169","2012","adventure, fantasy","165715","2012-11-28","http://www.imdb.com/title/tt0903624/"
"186","tt2194835","Wed Dec 12 20:55:26 2012","Wed Dec 12 20:55:26 2012","","Community: Origins of Vampire Mythology","TV Episode","Steven Tsuchida","","8.4","","2009","comedy","480","2012-04-12","http://www.imdb.com/title/tt2194835/"
"185","tt2466936","Wed Dec 12 06:27:03 2012","Wed Dec 12 06:27:03 2012","","Parks and Recreation: Ron and Diane","TV Episode","Dan Goor","","8.5","","2009","comedy","110","2012-12-06","http://www.imdb.com/title/tt2466936/"
"184","tt2014019","Tue Dec 11 20:43:16 2012","Tue Dec 11 20:43:16 2012","","Suits: Dog Fight","TV Episode","Kevin Bray","","8.8","45","2011","comedy, drama","332","2011-09-08","http://www.imdb.com/title/tt2014019/"
"183","tt2108699","Tue Dec 11 05:10:01 2012","Tue Dec 11 05:10:01 2012","","Castle: Cuffed","TV Episode","John Terlesky","","8.5","45","2009","comedy, crime, drama, mystery","378","2011-12-05","http://www.imdb.com/title/tt2108699/"
"182","tt1248332","Sat Dec  8 22:49:14 2012","Sat Dec  8 22:49:14 2012","","30 Rock: St. Valentine's Day","TV Episode","Don Scardino","","8.2","30","2006","comedy","284","2009-02-12","http://www.imdb.com/title/tt1248332/"
"181","tt1248331","Sat Dec  8 22:48:39 2012","Sat Dec  8 22:48:39 2012","","30 Rock: Generalissimo","TV Episode","Todd Holland","","8.5","30","2006","comedy","316","2009-02-05","http://www.imdb.com/title/tt1248331/"
"180","tt0701162","Sat Dec  8 14:57:33 2012","Sat Dec  8 14:57:33 2012","Introducing Audrey and Nathan to ""I bent my Wookiee!""","The Simpsons: Lisa's Rival","TV Episode","Mark Kirkland","","8.1","30","1989","animation, comedy, family","582","1994-09-11","http://www.imdb.com/title/tt0701162/"
"179","tt2518614","Sat Dec  8 14:57:00 2012","Sat Dec  8 14:57:00 2012","","The Simpsons: A Tree Grows in Springfield","TV Episode","Timothy Bailey","","6.7","","1989","animation, comedy, family","119","2012-11-25","http://www.imdb.com/title/tt2518614/"
"178","tt2527354","Sat Dec  8 07:37:38 2012","Sat Dec  8 07:37:38 2012","","The Daily Show with Jon Stewart: Chris Christie","TV Episode","Chuck O'Neil","","8.5","","1996","comedy, news, talk_show","6","2012-12-06","http://www.imdb.com/title/tt2527354/"
"177","tt2527362","Sat Dec  8 07:37:34 2012","Sat Dec  8 07:37:34 2012","","The Daily Show with Jon Stewart: Alan Simpson","TV Episode","Chuck O'Neil","","8.5","","1996","comedy, news, talk_show","6","2012-12-05","http://www.imdb.com/title/tt2527362/"
"176","tt2527374","Sat Dec  8 07:37:29 2012","Sat Dec  8 07:37:29 2012","","The Daily Show with Jon Stewart: R.A. Dickey","TV Episode","Chuck O'Neil","","8.3","","1996","comedy, news, talk_show","7","2012-12-04","http://www.imdb.com/title/tt2527374/"
"175","tt2368860","Sat Dec  8 07:37:01 2012","Sat Dec  8 07:37:01 2012","","Person of Interest: The High Road","TV Episode","Félix Enríquez Alcalá","","8.3","44","2011","action, drama, mystery, thriller","242","2012-11-08","http://www.imdb.com/title/tt2368860/"
"174","tt2514850","Fri Dec  7 22:40:54 2012","Fri Dec  7 22:40:54 2012","","The Office: Dwight Christmas","TV Episode","Charles McDougall","","7.8","","2005","comedy, romance","143","2012-12-06","http://www.imdb.com/title/tt2514850/"
"173","tt2458602","Fri Dec  7 19:03:17 2012","Fri Dec  7 19:03:17 2012","","Once Upon a Time: Child of the Moon","TV Episode","Anthony Hemingway","","7.8","","2011","adventure, drama, fantasy, mystery, romance","285","2012-11-11","http://www.imdb.com/title/tt2458602/"
"172","tt2413712","Fri Dec  7 18:08:52 2012","Fri Dec  7 18:08:52 2012","","MythBusters: Explosions A to Z","TV Episode","","","4.8","","2003","documentary, mystery","11","2012-09-24","http://www.imdb.com/title/tt2413712/"
"171","tt2508348","Thu Dec  6 20:16:38 2012","Thu Dec  6 20:16:38 2012","","Raising Hope: Squeak Means Squeak","TV Episode","Lee Shallat Chemel","","7.5","","2010","comedy, drama, family","30","2012-12-04","http://www.imdb.com/title/tt2508348/"
"170","tt2505340","Thu Dec  6 20:15:50 2012","Thu Dec  6 20:15:50 2012","","The Big Bang Theory: The Parking Spot Escalation","TV Episode","Peter Chakos","","8.1","","2007","comedy","508","2012-11-29","http://www.imdb.com/title/tt2505340/"
"169","tt2508000","Thu Dec  6 19:25:18 2012","Thu Dec  6 19:25:18 2012","","The Middle.: Christmas Help","TV Episode","Phil Traill","","7.1","","2009","comedy","26","2012-12-05","http://www.imdb.com/title/tt2508000/"
"168","tt2127579","Wed Dec  5 21:35:09 2012","Wed Dec  5 21:35:09 2012","","Community: Pillows and Blankets","TV Episode","Tristram Shapeero","","9.0","","2009","comedy","843","2012-04-05","http://www.imdb.com/title/tt2127579/"
"167","tt2526786","Wed Dec  5 07:06:12 2012","Wed Dec  5 07:06:12 2012","","The Daily Show with Jon Stewart: Denis Leary","TV Episode","Chuck O'Neil","","8.4","","1996","comedy, news, talk_show","10","2012-12-03","http://www.imdb.com/title/tt2526786/"
"166","tt2496952","Wed Dec  5 07:05:30 2012","Wed Dec  5 07:05:30 2012","","Revolution: Nobody's Fault But Mine","TV Episode","Frederick E.O. Toye","","7.9","","2012","action, adventure, drama, sci_fi","214","2012-11-26","http://www.imdb.com/title/tt2496952/"
"165","tt2379112","Tue Dec  4 21:02:00 2012","Tue Dec  4 21:02:00 2012","","The Mentalist: Black Cherry","TV Episode","Elodie Keene","","7.4","","2008","crime, drama, mystery, thriller","127","2012-11-25","http://www.imdb.com/title/tt2379112/"
"164","tt2341536","Mon Dec  3 21:24:10 2012","Mon Dec  3 21:24:10 2012","","Person of Interest: Bury the Lede","TV Episode","Jeffrey Hunt","","8.7","44","2011","action, drama, mystery, thriller","309","2012-11-01","http://www.imdb.com/title/tt2341536/"
"163","tt2459040","Mon Dec  3 20:50:48 2012","Mon Dec  3 20:50:48 2012","","Parks and Recreation: Pawnee Commons","TV Episode","Morgan Sackett","","7.7","","2009","comedy","85","2012-11-29","http://www.imdb.com/title/tt2459040/"
"162","tt2505986","Mon Dec  3 20:08:45 2012","Mon Dec  3 20:08:45 2012","","The Daily Show with Jon Stewart: Calvin Trillin","TV Episode","Chuck O'Neil","","8.8","","1996","comedy, news, talk_show","6","2012-11-29","http://www.imdb.com/title/tt2505986/"
"161","tt2128972","Mon Dec  3 20:06:46 2012","Mon Dec  3 20:06:46 2012","","Community: Digital Exploration of Interior Design","TV Episode","Dan Eckman","","8.2","","2009","comedy","455","2012-03-29","http://www.imdb.com/title/tt2128972/"
"160","tt2090774","Sun Dec  2 20:08:46 2012","Sun Dec  2 20:08:46 2012","","Community: Contemporary Impressionists","TV Episode","Kyle Newacheck","","8.1","","2009","comedy","509","2012-03-22","http://www.imdb.com/title/tt2090774/"
"159","tt0272045","Sun Dec  2 18:59:59 2012","Sun Dec  2 18:59:59 2012","","A Claymation Christmas Celebration","TV Special","Will Vinton","","7.5","24","1987","musical, animation","393","1987-12-21","http://www.imdb.com/title/tt0272045/"
"158","tt2476014","Sat Dec  1 20:47:53 2012","Sat Dec  1 20:47:53 2012","","The Office: The Target","TV Episode","Brent Forrester","","7.3","","2005","comedy, romance","131","2012-11-29","http://www.imdb.com/title/tt2476014/"
"157","tt2459378","Sat Dec  1 20:47:22 2012","Sat Dec  1 20:47:22 2012","","Modern Family: When a Tree Falls","TV Episode","Steven Levitan","","7.8","","2009","comedy","184","2012-11-28","http://www.imdb.com/title/tt2459378/"
"156","tt1248351","Sat Dec  1 20:46:57 2012","Sat Dec  1 20:46:57 2012","","30 Rock: Retreat to Move Forward","TV Episode","Steve Buscemi","","7.9","","2006","comedy","263","2009-01-22","http://www.imdb.com/title/tt1248351/"
"155","tt2502436","Sat Dec  1 13:37:04 2012","Sat Dec  1 13:37:04 2012","","The Big Bang Theory: The 43 Peculiarity","TV Episode","Mark Cendrowski","","8.4","21","2007","comedy","598","2012-11-15","http://www.imdb.com/title/tt2502436/"
"154","tt2401230","Fri Nov 30 21:02:10 2012","Fri Nov 30 21:02:10 2012","","Once Upon a Time: Tallahassee","TV Episode","David Barrett","","8.1","","2011","adventure, drama, fantasy, mystery, romance","333","2012-11-04","http://www.imdb.com/title/tt2401230/"
"153","tt1995990","Fri Nov 30 21:01:48 2012","Fri Nov 30 21:01:48 2012","","Suits: Rules of the Game","TV Episode","Mike Smith","","8.6","45","2011","comedy, drama","276","2011-09-01","http://www.imdb.com/title/tt1995990/"
"152","tt2117096","Fri Nov 30 21:00:38 2012","Fri Nov 30 21:00:38 2012","","Community: Urban Matrimony and the Sandwich Arts","TV Episode","Kyle Newacheck","","7.9","","2009","comedy","546","2012-03-07","http://www.imdb.com/title/tt2117096/"
"151","tt2462410","Thu Nov 29 20:35:36 2012","Thu Nov 29 20:35:36 2012","","The Big Bang Theory: The Habitation Configuration","TV Episode","Mark Cendrowski","","7.8","21","2007","comedy","458","2012-11-08","http://www.imdb.com/title/tt2462410/"
"150","tt2508346","Thu Nov 29 20:35:01 2012","Thu Nov 29 20:35:01 2012","","Raising Hope: The Walk for the Runs","TV Episode","Rebecca Asher","","7.6","","2010","comedy, drama, family","31","2012-11-27","http://www.imdb.com/title/tt2508346/"
"149","tt2505984","Thu Nov 29 18:04:11 2012","Thu Nov 29 18:04:11 2012","","The Daily Show with Jon Stewart: Neil Young","TV Episode","Chuck O'Neil","","8.4","","1996","comedy, news, talk_show","7","2012-11-28","http://www.imdb.com/title/tt2505984/"
"148","tt2454912","Wed Nov 28 20:51:46 2012","Wed Nov 28 20:51:46 2012","","Revolution: Kashmir","TV Episode","Charles Beeson","","7.1","","2012","action, adventure, drama, sci_fi","207","2012-11-19","http://www.imdb.com/title/tt2454912/"
"147","tt2516090","Wed Nov 28 20:51:18 2012","Wed Nov 28 20:51:18 2012","","New Girl: Eggs","TV Episode","Neal Brennan","","7.6","","2011","comedy","117","2012-11-27","http://www.imdb.com/title/tt2516090/"
"146","tt2505988","Wed Nov 28 19:06:01 2012","Wed Nov 28 19:06:01 2012","","The Daily Show with Jon Stewart: Warren Buffett & Carol Loomis","TV Episode","Chuck O'Neil","","8.0","","1996","comedy, news, talk_show","9","2012-11-27","http://www.imdb.com/title/tt2505988/"
"145","tt2505982","Wed Nov 28 08:06:51 2012","Wed Nov 28 08:06:51 2012","","The Daily Show with Jon Stewart: David Nasaw","TV Episode","Chuck O'Neil","","7.9","","1996","comedy, news, talk_show","9","2012-11-26","http://www.imdb.com/title/tt2505982/"
"144","tt2315524","Tue Nov 27 20:47:45 2012","Tue Nov 27 20:47:45 2012","","The Mentalist: Red Sails in the Sunset","TV Episode","Simon Baker","","8.5","","2008","crime, drama, mystery, thriller","264","2012-11-18","http://www.imdb.com/title/tt2315524/"
"143","tt2104216","Mon Nov 26 21:23:52 2012","Mon Nov 26 21:23:52 2012","","Castle: Kill Shot","TV Episode","David M. Barrett","","8.3","45","2009","comedy, crime, drama, mystery","372","2011-11-21","http://www.imdb.com/title/tt2104216/"
"142","tt1248350","Sun Nov 25 20:52:11 2012","Sun Nov 25 20:52:11 2012","","30 Rock: Flu Shot","TV Episode","Don Scardino","","7.7","30","2006","comedy","254","2009-01-15","http://www.imdb.com/title/tt1248350/"
"141","tt2450064","Sat Nov 24 20:22:30 2012","Sat Nov 24 20:22:30 2012","","The Big Bang Theory: The Extract Obliteration","TV Episode","Mark Cendrowski","","7.9","21","2007","comedy","494","2012-11-01","http://www.imdb.com/title/tt2450064/"
"140","tt2105238","Sat Nov 24 16:02:37 2012","Sat Nov 24 16:02:37 2012","","Community: Regional Holiday Music","TV Episode","Tristram Shapeero","","8.6","","2009","comedy","665","2011-12-08","http://www.imdb.com/title/tt2105238/"
"139","tt2450694","Sat Nov 24 13:45:14 2012","Sat Nov 24 13:45:14 2012","","New Girl: Parents","TV Episode","Jesse Peretz","","7.6","","2011","comedy","126","2012-11-20","http://www.imdb.com/title/tt2450694/"
"138","tt2080563","Sat Nov 24 10:25:03 2012","Sat Nov 24 10:25:03 2012","","Community: Foosball and Nocturnal Vigilantism","TV Episode","Anthony Russo","","8.5","","2009","comedy","500","2011-12-01","http://www.imdb.com/title/tt2080563/"
"137","tt1386703","Fri Nov 23 21:29:53 2012","Fri Nov 23 21:29:53 2012","","Total Recall","Feature Film","Len Wiseman","7","6.3","118","2012","action, adventure, sci_fi, thriller","81491","2012-08-02","http://www.imdb.com/title/tt1386703/"
"136","tt2359168","Fri Nov 23 15:04:58 2012","Fri Nov 23 15:04:58 2012","","Once Upon a Time: The Doctor","TV Episode","Paul Edwards","","7.7","","2011","adventure, drama, fantasy, mystery, romance","336","2012-10-28","http://www.imdb.com/title/tt2359168/"
"135","tt2498694","Fri Nov 23 13:10:36 2012","Fri Nov 23 13:10:36 2012","","MythBusters: Food Fables","TV Episode","","","6.3","","2003","documentary, mystery","11","2012-11-18","http://www.imdb.com/title/tt2498694/"
"134","tt1392170","Thu Nov 22 21:30:52 2012","Thu Nov 22 21:30:52 2012","","The Hunger Games","Feature Film","Gary Ross","9","7.3","142","2012","action, adventure, sci_fi, thriller","288113","2012-03-12","http://www.imdb.com/title/tt1392170/"
"133","tt2518612","Wed Nov 21 20:55:29 2012","Wed Nov 21 20:55:29 2012","","The Simpsons: Penny-Wiseguys","TV Episode","Mark Kirkland","","6.6","","1989","animation, comedy, family","102","2012-11-18","http://www.imdb.com/title/tt2518612/"
"132","tt2467478","Wed Nov 21 20:55:11 2012","Wed Nov 21 20:55:11 2012","","Raising Hope: Candy Wars","TV Episode","Michael Fresco","","8.3","","2010","comedy, drama, family","44","2012-11-20","http://www.imdb.com/title/tt2467478/"
"131","tt2158999","Wed Nov 21 20:54:38 2012","Wed Nov 21 20:54:38 2012","","Awake: Nightswimming","TV Episode","Jeffrey Reiner","","7.2","","2012","drama, fantasy, mystery","130","2012-04-19","http://www.imdb.com/title/tt2158999/"
"130","tt1986650","Tue Nov 20 20:48:04 2012","Tue Nov 20 20:48:04 2012","","Suits: The Shelf Life","TV Episode","Jennifer Getzinger","","8.5","45","2011","comedy, drama","281","2011-08-25","http://www.imdb.com/title/tt1986650/"
"129","tt2315522","Mon Nov 19 19:51:01 2012","Mon Nov 19 19:51:01 2012","","The Mentalist: If It Bleeds, It Leads","TV Episode","John Showalter","","7.6","","2008","crime, drama, mystery, thriller","163","2012-11-11","http://www.imdb.com/title/tt2315522/"
"128","tt2471292","Sun Nov 18 20:41:57 2012","Sun Nov 18 20:41:57 2012","","The Office: The Whale","TV Episode","Rodman Flender","","7.3","","2005","comedy, romance","133","2012-11-15","http://www.imdb.com/title/tt2471292/"
"127","tt2487744","Sun Nov 18 20:41:28 2012","Sun Nov 18 20:41:28 2012","","New Girl: Menzies","TV Episode","Jason Woliner","","7.4","","2011","comedy","153","2012-11-13","http://www.imdb.com/title/tt2487744/"
"126","tt2371818","Sun Nov 18 19:07:13 2012","Sun Nov 18 19:07:13 2012","","Once Upon a Time: The Crocodile","TV Episode","David Solomon","","8.2","","2011","adventure, drama, fantasy, mystery, romance","406","2012-10-21","http://www.imdb.com/title/tt2371818/"
"125","tt2481604","Sat Nov 17 16:17:00 2012","Sat Nov 17 16:17:00 2012","","Revolution: Ties That Bind","TV Episode","Guy Bee","","7.3","","2012","action, adventure, drama, sci_fi","210","2012-11-12","http://www.imdb.com/title/tt2481604/"
"124","tt2495058","Sat Nov 17 12:20:16 2012","Sat Nov 17 12:20:16 2012","","The Daily Show with Jon Stewart: Andrew Napolitano","TV Episode","Chuck O'Neil","","8.3","","1996","comedy, news, talk_show","9","2012-11-15","http://www.imdb.com/title/tt2495058/"
"123","tt2489566","Sat Nov 17 12:19:46 2012","Sat Nov 17 12:19:46 2012","","The Middle.: Thanksgiving IV","TV Episode","Blake T. Evans","","7.4","","2009","comedy","30","2012-11-14","http://www.imdb.com/title/tt2489566/"
"122","tt2415146","Sat Nov 17 12:18:37 2012","Sat Nov 17 12:18:37 2012","","Parks and Recreation: Leslie vs. April","TV Episode","Wendey Stanzler","","7.9","","2009","comedy","101","2012-11-15","http://www.imdb.com/title/tt2415146/"
"121","tt2083483","Fri Nov 16 21:23:05 2012","Fri Nov 16 21:23:05 2012","","Community: Documentary Filmmaking: Redux","TV Episode","Joe Russo","","8.7","","2009","comedy","580","2011-11-17","http://www.imdb.com/title/tt2083483/"
"120","tt2090751","Fri Nov 16 21:22:33 2012","Fri Nov 16 21:22:33 2012","","Castle: Heartbreak Hotel","TV Episode","Bill Roe","","7.8","45","2009","comedy, crime, drama, mystery","286","2011-11-07","http://www.imdb.com/title/tt2090751/"
"119","tt2429932","Fri Nov 16 07:24:03 2012","Fri Nov 16 07:24:03 2012","","Raising Hope: What Up, Bro?","TV Episode","Mike Mariano","","7.4","","2010","comedy, drama, family","37","2012-11-13","http://www.imdb.com/title/tt2429932/"
"118","tt2489686","Thu Nov 15 20:38:04 2012","Thu Nov 15 20:38:04 2012","","The Daily Show with Jon Stewart: Jon Meacham","TV Episode","Chuck O'Neil","","8.1","","1996","comedy, news, talk_show","11","2012-11-14","http://www.imdb.com/title/tt2489686/"
"117","tt2491822","Thu Nov 15 20:18:06 2012","Thu Nov 15 20:18:06 2012","","The Daily Show with Jon Stewart: Jason Sudeikis","TV Episode","Chuck O'Neil","","8.2","","1996","comedy, news, talk_show","10","2012-11-13","http://www.imdb.com/title/tt2491822/"
"116","tt2491824","Thu Nov 15 20:17:50 2012","Thu Nov 15 20:17:50 2012","","The Daily Show with Jon Stewart: Mike Huckabee","TV Episode","Chuck O'Neil","","7.8","","1996","comedy, news, talk_show","11","2012-11-12","http://www.imdb.com/title/tt2491824/"
"115","tt2488652","Thu Nov 15 19:45:07 2012","Thu Nov 15 19:45:07 2012","","Modern Family: Mistery Date","TV Episode","Beth McCarthy Miller","","8.0","","2009","comedy","217","2012-11-14","http://www.imdb.com/title/tt2488652/"
"114","tt2402477","Wed Nov 14 20:40:33 2012","Wed Nov 14 20:40:33 2012","","The Mentalist: Cherry Picked","TV Episode","John F. Showalter","","7.9","","2008","crime, drama, mystery, thriller","176","2012-11-04","http://www.imdb.com/title/tt2402477/"
"113","tt1248349","Wed Nov 14 20:40:00 2012","Wed Nov 14 20:40:00 2012","","30 Rock: Señor Macho Solo","TV Episode","Beth McCarthy","","8.0","30","2006","comedy","270","2009-01-08","http://www.imdb.com/title/tt1248349/"
"112","tt2511742","Wed Nov 14 19:02:32 2012","Wed Nov 14 19:02:32 2012","","tt2511742","","","","","","????","","","","http://www.imdb.com/title/tt2511742/"
"111","tt2498690","Wed Nov 14 19:01:32 2012","Wed Nov 14 19:01:32 2012","","MythBusters: Cannonball Chemistry","TV Episode","","","6.3","","2003","documentary, mystery","11","2012-11-11","http://www.imdb.com/title/tt2498690/"
"110","tt2083482","Tue Nov 13 20:47:05 2012","Tue Nov 13 20:47:05 2012","","Community: Studies in Modern Movement","TV Episode","Tristram Shapeero","","8.4","","2009","comedy","494","2011-11-10","http://www.imdb.com/title/tt2083482/"
"109","tt2440218","Tue Nov 13 20:46:40 2012","Tue Nov 13 20:46:40 2012","","Raising Hope: Don't Ask, Don't Tell Me What to Do","TV Episode","Eyal Gordin","","8.1","","2010","comedy, drama, family","40","2012-10-30","http://www.imdb.com/title/tt2440218/"
"108","tt2459178","Tue Nov 13 20:46:12 2012","Tue Nov 13 20:46:12 2012","","New Girl: Halloween","TV Episode","Jesse Peretz","","7.7","","2011","comedy","153","2012-10-30","http://www.imdb.com/title/tt2459178/"
"107","tt2359174","Tue Nov 13 18:59:01 2012","Tue Nov 13 18:59:01 2012","","Once Upon a Time: Lady of the Lake","TV Episode","Milan Cheylov","","7.8","","2011","adventure, drama, fantasy, mystery, romance","376","2012-10-14","http://www.imdb.com/title/tt2359174/"
"106","tt2385266","Mon Nov 12 20:55:19 2012","Mon Nov 12 20:55:19 2012","","Downton Abbey: Episode #3.8","TV Episode","David Evans","","7.8","","2010","drama","120","2012-11-04","http://www.imdb.com/title/tt2385266/"
"105","tt2411582","Sat Nov 10 21:12:22 2012","Sat Nov 10 21:12:22 2012","","The Big Bang Theory: The Holographic Excitation","TV Episode","Mark Cendrowski","","8.1","21","2007","comedy","550","2012-10-25","http://www.imdb.com/title/tt2411582/"
"104","tt2488644","Sat Nov 10 15:14:17 2012","Sat Nov 10 15:14:17 2012","","Modern Family: Arrested","TV Episode","Gail Mancuso","","8.4","","2009","comedy","218","2012-11-07","http://www.imdb.com/title/tt2488644/"
"103","tt2399694","Sat Nov 10 13:47:44 2012","Sat Nov 10 13:47:44 2012","","Revolution: The Children's Crusade","TV Episode","Charles Beeson","","7.3","","2012","action, adventure, drama, sci_fi","266","2012-11-05","http://www.imdb.com/title/tt2399694/"
"102","tt2475472","Sat Nov 10 13:47:03 2012","Sat Nov 10 13:47:03 2012","","The Daily Show with Jon Stewart: Katie Dellamaggiore & Pobo Efekoro","TV Episode","Chuck O'Neil","","8.2","","1996","comedy, news, talk_show","8","2012-11-08","http://www.imdb.com/title/tt2475472/"
"101","tt2396344","Sat Nov 10 11:37:19 2012","Sat Nov 10 11:37:19 2012","","The Simpsons: Adventures in Baby-Getting","TV Episode","Rob Oliver","","7.3","","1989","animation, comedy, family","150","2012-11-04","http://www.imdb.com/title/tt2396344/"
"100","tt2090722","Sat Nov 10 11:34:28 2012","Sat Nov 10 11:34:28 2012","","Awake: Ricky's Tacos","TV Episode","Adam Davidson","","7.4","","2012","drama, fantasy, mystery","112","2012-04-12","http://www.imdb.com/title/tt2090722/"
"99","tt2486150","Sat Nov 10 11:24:44 2012","Sat Nov 10 11:24:44 2012","","MythBusters: Mini Myth Medley","TV Episode","Steve Christiansen, Lauren Williams","","7.4","","2003","documentary, mystery","12","2012-11-04","http://www.imdb.com/title/tt2486150/"
"98","tt2475468","Fri Nov  9 22:20:03 2012","Fri Nov  9 22:20:03 2012","","The Daily Show with Jon Stewart: Nate Silver","TV Episode","Chuck O'Neil","","7.4","","1996","comedy, news, talk_show","13","2012-11-07","http://www.imdb.com/title/tt2475468/"
"97","tt2466808","Fri Nov  9 22:20:00 2012","Fri Nov  9 22:20:00 2012","","The Daily Show with Jon Stewart: Democalypse 2012: Election Night - This Ends Now","TV Episode","Chuck O'Neil","","8.7","","1996","comedy, news, talk_show","6","2012-11-06","http://www.imdb.com/title/tt2466808/"
"96","tt2414122","Fri Nov  9 22:19:56 2012","Fri Nov  9 22:19:56 2012","","Parks and Recreation: Ben's Parents","TV Episode","Dean Holland","","7.6","","2009","comedy","109","2012-11-08","http://www.imdb.com/title/tt2414122/"
"95","tt2435600","Fri Nov  9 20:52:02 2012","Fri Nov  9 20:52:02 2012","","The Office: The Boat","TV Episode","John Krasinski","","7.5","","2005","comedy, romance","143","2012-11-08","http://www.imdb.com/title/tt2435600/"
"94","tt2439998","Fri Nov  9 20:51:51 2012","Fri Nov  9 20:51:51 2012","","The Middle.: The Safe","TV Episode","Lee Shallat Chemel","","7.5","","2009","comedy","37","2012-11-07","http://www.imdb.com/title/tt2439998/"
"93","tt2341532","Thu Nov  8 21:26:09 2012","Thu Nov  8 21:26:09 2012","","Person of Interest: Triggerman","TV Episode","James Whitmore Jr.","","8.3","45","2011","action, drama, mystery, thriller","329","2012-10-25","http://www.imdb.com/title/tt2341532/"
"92","tt2466030","Thu Nov  8 21:24:43 2012","Thu Nov  8 21:24:43 2012","","The Daily Show with Jon Stewart: Martha Raddatz","TV Episode","Chuck O'Neil","","8.3","","1996","comedy, news, talk_show","8","2012-11-05","http://www.imdb.com/title/tt2466030/"
"91","tt2463458","Thu Nov  8 21:23:34 2012","Thu Nov  8 21:23:34 2012","","The Middle.: Halloween III: The Driving","TV Episode","Phil Traill","","7.2","","2009","comedy","30","2012-10-24","http://www.imdb.com/title/tt2463458/"
"90","tt2429284","Thu Nov  8 07:08:13 2012","Thu Nov  8 07:08:13 2012","","The Middle.: The Hose","TV Episode","Lee Shallat Chemel","","7.1","","2009","comedy","44","2012-10-17","http://www.imdb.com/title/tt2429284/"
"89","tt2402479","Wed Nov  7 20:07:09 2012","Wed Nov  7 20:07:09 2012","","The Mentalist: Red Dawn","TV Episode","Chris Long","","8.5","","2008","crime, drama, mystery, thriller","281","2012-10-28","http://www.imdb.com/title/tt2402479/"
"88","tt2464196","Wed Nov  7 20:03:21 2012","Wed Nov  7 20:03:21 2012","","The Daily Show with Jon Stewart: Bob Woodruff","TV Episode","Chuck O'Neil","","7.9","","1996","comedy, news, talk_show","9","2012-11-01","http://www.imdb.com/title/tt2464196/"
"87","tt2311064","Wed Nov  7 20:01:50 2012","Wed Nov  7 20:01:50 2012","","Revolution: Sex and Drugs","TV Episode","Steve Boyum","","7.0","","2012","action, adventure, drama, sci_fi","298","2012-10-29","http://www.imdb.com/title/tt2311064/"
"86","tt2462020","Wed Nov  7 06:48:21 2012","Wed Nov  7 06:48:21 2012","","The Daily Show with Jon Stewart: Jon Ronson","TV Episode","Chuck O'Neil","","8.2","","1996","comedy, news, talk_show","8","2012-10-31","http://www.imdb.com/title/tt2462020/"
"85","tt0948470","Wed Nov  7 06:31:53 2012","Wed Nov  7 06:31:53 2012","","The Amazing Spider-Man","Feature Film","Marc Webb","8","7.2","136","2012","action, adventure, fantasy","194687","2012-06-13","http://www.imdb.com/title/tt0948470/"
"84","tt2449500","Tue Nov  6 06:37:24 2012","Tue Nov  6 06:37:24 2012","","The Daily Show with Jon Stewart: Nancy Pelosi","TV Episode","Chuck O'Neil","","8.5","","1996","comedy, news, talk_show","9","2012-10-25","http://www.imdb.com/title/tt2449500/"
"83","tt2488642","Mon Nov  5 21:50:51 2012","Mon Nov  5 21:50:51 2012","","Modern Family: Yard Sale","TV Episode","Gail Mancuso","","7.9","","2009","comedy","176","2012-10-31","http://www.imdb.com/title/tt2488642/"
"82","tt2341526","Sun Nov  4 21:02:37 2012","Sun Nov  4 21:02:37 2012","","Person of Interest: Masquerade","TV Episode","Jeffrey Hunt","","8.6","43","2011","action, drama, mystery, thriller","396","2012-10-18","http://www.imdb.com/title/tt2341526/"
"81","tt2414120","Sun Nov  4 21:02:00 2012","Sun Nov  4 21:02:00 2012","","Parks and Recreation: Halloween Surprise","TV Episode","Dean Holland","","8.5","","2009","comedy","140","2012-10-25","http://www.imdb.com/title/tt2414120/"
"80","tt0121766","Sun Nov  4 18:47:30 2012","Sun Nov  4 18:47:30 2012","","Star Wars: Episode III - Revenge of the Sith","Feature Film","George Lucas","8","7.7","140","2005","action, adventure, fantasy, sci_fi","285020","2005-05-15","http://www.imdb.com/title/tt0121766/"
"79","tt0121765","Sun Nov  4 14:19:00 2012","Sun Nov  4 14:19:00 2012","","Star Wars: Episode II - Attack of the Clones","Feature Film","George Lucas","8","6.7","142","2002","action, adventure, fantasy, sci_fi","254091","2002-05-16","http://www.imdb.com/title/tt0121765/"
"78","tt0177842","Fri Nov  2 05:56:31 2012","Fri Nov  2 05:56:31 2012","","The Simpsons: Treehouse of Horror VI","TV Episode","Bedlam Bob Anderson, Decadent David Mirkin","","8.7","30","1989","animation, comedy, family","651","1995-10-29","http://www.imdb.com/title/tt0177842/"
"77","tt2472944","Fri Nov  2 05:55:14 2012","Fri Nov  2 05:55:14 2012","","MythBusters: Fright Night","TV Episode","","","5.7","","2003","documentary, mystery","10","2012-10-28","http://www.imdb.com/title/tt2472944/"
"76","tt1248348","Thu Nov  1 21:48:05 2012","Thu Nov  1 21:48:05 2012","","30 Rock: Christmas Special","TV Episode","Don Scardino","","7.7","","2006","comedy","252","2008-12-11","http://www.imdb.com/title/tt1248348/"
"75","tt2385260","Thu Nov  1 21:47:32 2012","Thu Nov  1 21:47:32 2012","","Downton Abbey: Episode #3.7","TV Episode","David Evans","","7.6","","2010","drama","100","2012-10-28","http://www.imdb.com/title/tt2385260/"
"74","tt2049724","Thu Nov  1 06:51:45 2012","Thu Nov  1 06:51:45 2012","","Community: Advanced Gay","TV Episode","Joe Russo","","7.8","","2009","comedy","452","2011-11-03","http://www.imdb.com/title/tt2049724/"
"73","tt2069215","Thu Nov  1 06:50:47 2012","Thu Nov  1 06:50:47 2012","","Castle: Cops & Robbers","TV Episode","Bryan Spicer","","8.9","45","2009","comedy, crime, drama, mystery","473","2011-10-31","http://www.imdb.com/title/tt2069215/"
"72","tt2440216","Tue Oct 30 22:00:22 2012","Tue Oct 30 22:00:22 2012","","Raising Hope: If a Ham Falls in the Woods","TV Episode","Eyal Gordin","","7.9","","2010","comedy, drama, family","50","2012-10-23","http://www.imdb.com/title/tt2440216/"
"71","tt2433396","Tue Oct 30 21:59:31 2012","Tue Oct 30 21:59:31 2012","","The Office: Here Comes Treble","TV Episode","Claire Scanlon","","6.9","","2005","comedy, romance","156","2012-10-25","http://www.imdb.com/title/tt2433396/"
"70","tt2449498","Tue Oct 30 07:23:13 2012","Tue Oct 30 07:23:13 2012","","The Daily Show with Jon Stewart: Dakota Meyer","TV Episode","Chuck O'Neil","","8.1","","1996","comedy, news, talk_show","7","2012-10-24","http://www.imdb.com/title/tt2449498/"
"69","tt2449060","Tue Oct 30 07:23:04 2012","Tue Oct 30 07:23:04 2012","","The Daily Show with Jon Stewart: Gerard Butler","TV Episode","Chuck O'Neil","","7.1","","1996","comedy, news, talk_show","10","2012-10-23","http://www.imdb.com/title/tt2449060/"
"68","tt2411550","Mon Oct 29 20:54:05 2012","Mon Oct 29 20:54:05 2012","","The Big Bang Theory: The Re-Entry Minimization","TV Episode","Mark Cendrowski","","8.1","21","2007","comedy","625","2012-10-18","http://www.imdb.com/title/tt2411550/"
"67","tt2449072","Mon Oct 29 20:53:25 2012","Mon Oct 29 20:53:25 2012","","New Girl: Models","TV Episode","Eric Appel","","7.6","","2011","comedy","170","2012-10-23","http://www.imdb.com/title/tt2449072/"
"66","tt2393824","Sun Oct 28 20:31:02 2012","Sun Oct 28 20:31:02 2012","","Modern Family: Open House of Horrors","TV Episode","James Bagdonas","","7.9","","2009","comedy","224","2012-10-24","http://www.imdb.com/title/tt2393824/"
"65","tt0120915","Sat Oct 27 22:30:22 2012","Sat Oct 27 22:30:22 2012","","Star Wars: Episode I - The Phantom Menace","Feature Film","George Lucas","7","6.5","136","1999","action, adventure, fantasy, sci_fi","302494","1999-05-19","http://www.imdb.com/title/tt0120915/"
"64","tt2377262","Thu Oct 25 20:41:33 2012","Thu Oct 25 20:41:33 2012","","MythBusters: Hail Hijinx","TV Episode","Steve Christiansen, Lauren Williams","","6.2","","2003","documentary, mystery","14","2012-09-03","http://www.imdb.com/title/tt2377262/"
"63","tt1248347","Thu Oct 25 20:41:04 2012","Thu Oct 25 20:41:04 2012","","30 Rock: Reunion","TV Episode","Beth McCarthy","","8.3","30","2006","comedy","322","2008-12-04","http://www.imdb.com/title/tt1248347/"
"62","tt2402475","Wed Oct 24 22:17:43 2012","Wed Oct 24 22:17:43 2012","","The Mentalist: Blood Feud","TV Episode","Anton Cropper","","7.5","","2008","crime, drama, mystery, thriller","165","2012-10-21","http://www.imdb.com/title/tt2402475/"
"61","tt2402475","Wed Oct 24 22:17:02 2012","Wed Oct 24 22:17:02 2012","","The Mentalist: Blood Feud","TV Episode","Anton Cropper","","7.5","","2008","crime, drama, mystery, thriller","165","2012-10-21","http://www.imdb.com/title/tt2402475/"
"60","tt0086190","Wed Oct 24 22:16:17 2012","Wed Oct 24 22:16:17 2012","","Star Wars: Episode VI - Return of the Jedi","Feature Film","Richard Marquand","7","8.4","134","1983","action, adventure, fantasy, sci_fi","345410","1983-05-25","http://www.imdb.com/title/tt0086190/"
"59","tt1664241","Tue Oct 23 21:12:19 2012","Tue Oct 23 21:12:19 2012","","Happy Endings: Pilot","TV Episode","Anthony Russo, Joe Russo","","7.4","30","2011","comedy","210","2011-04-13","http://www.imdb.com/title/tt1664241/"
"58","tt2446962","Tue Oct 23 21:11:24 2012","Tue Oct 23 21:11:24 2012","","The Daily Show with Jon Stewart: D.L. Hughley","TV Episode","Chuck O'Neil","","7.7","","1996","comedy, news, talk_show","9","2012-10-22","http://www.imdb.com/title/tt2446962/"
"57","tt2378184","Tue Oct 23 21:10:42 2012","Tue Oct 23 21:10:42 2012","","The Big Bang Theory: The Higgs Boson Observation","TV Episode","Mark Cendrowski","","8.0","19","2007","comedy","590","2012-10-11","http://www.imdb.com/title/tt2378184/"
"56","tt2431354","Mon Oct 22 21:34:37 2012","Mon Oct 22 21:34:37 2012","","Raising Hope: Throw Maw Maw from the House, Part Two","TV Episode","Eyal Gordin","","8.1","","2010","comedy, drama, family","53","2012-10-16","http://www.imdb.com/title/tt2431354/"
"55","tt2349780","Mon Oct 22 21:34:18 2012","Mon Oct 22 21:34:18 2012","","The Office: Work Bus","TV Episode","Bryan Cranston","","7.3","","2005","comedy, romance","169","2012-10-18","http://www.imdb.com/title/tt2349780/"
"54","tt2428540","Fri Oct 19 21:54:38 2012","Fri Oct 19 21:54:38 2012","","The Daily Show with Jon Stewart: Nate Silver","TV Episode","Chuck O'Neil","","8.4","","1996","comedy, news, talk_show","9","2012-10-17","http://www.imdb.com/title/tt2428540/"
"53","tt2428568","Fri Oct 19 21:54:29 2012","Fri Oct 19 21:54:29 2012","","The Daily Show with Jon Stewart: Eugene Jarecki","TV Episode","Chuck O'Neil","","8.4","","1996","comedy, news, talk_show","7","2012-10-16","http://www.imdb.com/title/tt2428568/"
"52","tt2428542","Fri Oct 19 21:53:56 2012","Fri Oct 19 21:53:56 2012","","The Daily Show with Jon Stewart: Barack Obama","TV Episode","Chuck O'Neil","","8.4","","1996","comedy, news, talk_show","10","2012-10-18","http://www.imdb.com/title/tt2428542/"
"51","tt2368492","Fri Oct 19 21:53:08 2012","Fri Oct 19 21:53:08 2012","","Parks and Recreation: Sex Education","TV Episode","Craig Zisk","","8.1","","2009","comedy","126","2012-10-18","http://www.imdb.com/title/tt2368492/"
"50","tt2404438","Thu Oct 18 20:22:50 2012","Thu Oct 18 20:22:50 2012","","Modern Family: The Butler's Escape","TV Episode","Beth McCarthy Miller","","7.5","","2009","comedy","225","2012-10-17","http://www.imdb.com/title/tt2404438/"
"49","tt2385244","Thu Oct 18 20:20:28 2012","Thu Oct 18 20:20:28 2012","","Downton Abbey: Episode #3.5","TV Episode","Jeremy Webb","","8.2","","2010","drama","166","2012-10-14","http://www.imdb.com/title/tt2385244/"
"48","tt2392307","Thu Oct 18 05:44:21 2012","Thu Oct 18 05:44:21 2012","","Touch: Gyre, Part 2","TV Episode","Greg Beeman","","8.0","44","2012","drama, mystery, sci_fi","199","2012-05-31","http://www.imdb.com/title/tt2392307/"
"47","tt2402473","Wed Oct 17 20:07:24 2012","Wed Oct 17 20:07:24 2012","","The Mentalist: Not One Red Cent","TV Episode","Chris Long","","7.6","","2008","crime, drama, mystery, thriller","190","2012-10-14","http://www.imdb.com/title/tt2402473/"
"46","tt2359202","Wed Oct 17 20:05:57 2012","Wed Oct 17 20:05:57 2012","","Once Upon a Time: We Are Both","TV Episode","Dean White","","7.9","","2011","adventure, drama, fantasy, mystery, romance","392","2012-10-07","http://www.imdb.com/title/tt2359202/"
"45","tt2384036","Wed Oct 17 08:48:49 2012","Wed Oct 17 08:48:49 2012","Foo = bar!","The Middle.: The Second Act","TV Episode","Blake T. Evans","","7.3","","2009","comedy","37","2012-10-03","http://www.imdb.com/title/tt2384036/"
"44","tt2421180","Wed Oct 17 08:22:31 2012","Wed Oct 17 08:22:31 2012","","The Daily Show with Jon Stewart: Magic Johnson","TV Episode","Chuck O'Neil","","7.2","","1996","comedy, news, talk_show","7","2012-10-10","http://www.imdb.com/title/tt2421180/"
"43","tt2416756","Wed Oct 17 07:04:18 2012","Wed Oct 17 07:04:18 2012","","The Daily Show with Jon Stewart: J.K. Rowling","TV Episode","Chuck O'Neil","","8.2","","1996","comedy, news, talk_show","10","2012-10-15","http://www.imdb.com/title/tt2416756/"
"42","tt2423734","Wed Oct 17 07:03:02 2012","Wed Oct 17 07:03:02 2012","","The Daily Show with Jon Stewart: Paul Thomas Anderson","TV Episode","Chuck O'Neil","","8.6","","1996","comedy, news, talk_show","7","2012-10-11","http://www.imdb.com/title/tt2423734/"
"41","tt2418734","Tue Oct 16 21:52:36 2012","Tue Oct 16 21:52:36 2012","","Raising Hope: Throw Maw Maw from the House, Part One","TV Episode","Eyal Gordin","","8.3","","2010","comedy, drama, family","56","2012-10-09","http://www.imdb.com/title/tt2418734/"
"40","tt2387570","Tue Oct 16 21:29:36 2012","Tue Oct 16 21:29:36 2012","","Parks and Recreation: How a Bill Becomes a Law","TV Episode","Ken Whittingham","","7.9","","2009","comedy","130","2012-10-04","http://www.imdb.com/title/tt2387570/"
"39","tt2372202","Tue Oct 16 21:29:31 2012","Tue Oct 16 21:29:31 2012","","Parks and Recreation: Soda Tax","TV Episode","Kyle Newacheck","","7.9","","2009","comedy","128","2012-09-27","http://www.imdb.com/title/tt2372202/"
"38","tt2443272","Tue Oct 16 21:28:39 2012","Tue Oct 16 21:28:39 2012","","MythBusters: Trench Torpedo","TV Episode","Steve Christiansen, Lauren Williams","","6.3","","2003","documentary, mystery","16","2012-10-14","http://www.imdb.com/title/tt2443272/"
"37","tt2063145","Tue Oct 16 21:26:19 2012","Tue Oct 16 21:26:19 2012","","Community: Horror Fiction in Seven Spooky Steps","TV Episode","Tristram Shapeero","","8.7","","2009","comedy","551","2011-10-27","http://www.imdb.com/title/tt2063145/"
"36","tt2060963","Tue Oct 16 21:26:12 2012","Tue Oct 16 21:26:12 2012","","Community: Remedial Chaos Theory","TV Episode","Jeff Melman","","9.6","","2009","comedy","1312","2011-10-13","http://www.imdb.com/title/tt2060963/"
"35","tt2311062","Tue Oct 16 21:25:43 2012","Tue Oct 16 21:25:43 2012","","Revolution: The Plague Dogs","TV Episode","Felix Alcala","","7.2","","2012","action, adventure, drama, sci_fi","371","2012-10-08","http://www.imdb.com/title/tt2311062/"
"34","tt2041717","Sat Oct 13 21:29:27 2012","Sat Oct 13 21:29:27 2012","","Castle: Demons","TV Episode","Bill Roe","","8.2","45","2009","comedy, crime, drama, mystery","322","2011-10-24","http://www.imdb.com/title/tt2041717/"
"33","tt2063144","Sat Oct 13 21:27:29 2012","Sat Oct 13 21:27:29 2012","","Community: Competitive Ecology","TV Episode","Anthony Russo","","7.8","","2009","comedy","467","2011-10-06","http://www.imdb.com/title/tt2063144/"
"32","tt2341524","Fri Oct 12 22:01:34 2012","Fri Oct 12 22:01:34 2012","","Person of Interest: Bad Code","TV Episode","Jon Cassar","","8.9","44","2011","action, drama, mystery, thriller","469","2012-10-04","http://www.imdb.com/title/tt2341524/"
"31","tt2396464","Fri Oct 12 22:00:06 2012","Fri Oct 12 22:00:06 2012","","The Simpsons: Treehouse of Horror XXIII","TV Episode","Steven 'Freaking' Moore","","7.4","","1989","animation, comedy, family","192","2012-10-07","http://www.imdb.com/title/tt2396464/"
"30","tt2367868","Fri Oct 12 21:59:24 2012","Fri Oct 12 21:59:24 2012","","New Girl: Neighbors","TV Episode","Steve Pink","","7.0","","2011","comedy","181","2012-10-09","http://www.imdb.com/title/tt2367868/"
"29","tt2443302","Fri Oct 12 21:59:01 2012","Fri Oct 12 21:59:01 2012","","MythBusters: Titanic Survival","TV Episode","","","5.8","","2003","documentary, mystery","17","2012-10-07","http://www.imdb.com/title/tt2443302/"
"28","tt2362724","Fri Oct 12 21:58:04 2012","Fri Oct 12 21:58:04 2012","","Modern Family: Snip","TV Episode","Gail Mancuso","","8.2","","2009","comedy","244","2012-10-10","http://www.imdb.com/title/tt2362724/"
"27","tt2360776","Thu Oct 11 22:10:16 2012","Thu Oct 11 22:10:16 2012","","Modern Family: Schooled","TV Episode","Jeff Melman","","8.5","","2009","comedy","316","2012-10-10","http://www.imdb.com/title/tt2360776/"
"26","tt2385222","Thu Oct 11 22:09:45 2012","Thu Oct 11 22:09:45 2012","","Downton Abbey: Episode #3.4","TV Episode","Andy Goddard","","7.5","","2010","drama","117","2012-10-07","http://www.imdb.com/title/tt2385222/"
"25","tt2341524","Thu Oct 11 07:32:19 2012","Thu Oct 11 07:32:19 2012","","Person of Interest: Bad Code","TV Episode","Jon Cassar","","8.9","44","2011","action, drama, mystery, thriller","469","2012-10-04","http://www.imdb.com/title/tt2341524/"
"24","tt2402471","Wed Oct 10 21:38:25 2012","Wed Oct 10 21:38:25 2012","","The Mentalist: Devil's Cherry","TV Episode","Randy Zisk","","8.8","","2008","crime, drama, mystery, thriller","389","2012-10-07","http://www.imdb.com/title/tt2402471/"
"23","tt2311060","Wed Oct 10 07:31:08 2012","Wed Oct 10 07:31:08 2012","","Revolution: No Quarter","TV Episode","Sanford Bookstaver","","7.4","","2012","action, adventure, drama, sci_fi","428","2012-10-01","http://www.imdb.com/title/tt2311060/"
"22","tt2255900","Tue Oct  9 21:11:14 2012","Tue Oct  9 21:11:14 2012","","Person of Interest: The Contingency","TV Episode","Richard J. Lewis","","9.2","44","2011","action, drama, mystery, thriller","707","2012-09-27","http://www.imdb.com/title/tt2255900/"
"21","tt2060962","Tue Oct  9 21:10:05 2012","Tue Oct  9 21:10:05 2012","","Community: Geography of Global Conflict","TV Episode","Joe Russo","","8.1","","2009","comedy","487","2011-09-29","http://www.imdb.com/title/tt2060962/"
"20","tt1248346","Mon Oct  8 20:53:36 2012","Mon Oct  8 20:53:36 2012","","30 Rock: Gavin Volure","TV Episode","Gail Mancuso","","7.9","","2006","comedy","294","2008-11-20","http://www.imdb.com/title/tt1248346/"
"19","tt1985804","Mon Oct  8 20:52:42 2012","Mon Oct  8 20:52:42 2012","","Suits: Undefeated","TV Episode","Felix Alcala","","8.5","45","2011","comedy, drama","269","2011-08-18","http://www.imdb.com/title/tt1985804/"
"18","tt2355109","Fri Oct  5 21:11:13 2012","Fri Oct  5 21:11:13 2012","","Raising Hope: Not Indecent, But Not Quite Decent Enough Proposal","TV Episode","Greg Garcia","","7.9","","2010","comedy, drama, family","73","2012-10-02","http://www.imdb.com/title/tt2355109/"
"17","tt2385216","Fri Oct  5 21:09:21 2012","Fri Oct  5 21:09:21 2012","","Downton Abbey: Episode #3.3","TV Episode","Andy Goddard","","7.9","","2010","drama","133","2012-09-30","http://www.imdb.com/title/tt2385216/"
"16","tt2194640","Thu Oct  4 21:16:34 2012","Thu Oct  4 21:16:34 2012","","The Big Bang Theory: The Date Night Variable","TV Episode","Mark Cendrowski","","7.7","21","2007","comedy","1211","2012-09-27","http://www.imdb.com/title/tt2194640/"
"15","tt1986325","Thu Oct  4 21:16:09 2012","Thu Oct  4 21:16:09 2012","","Community: Biology 101","TV Episode","Anthony Russo","","8.1","","2009","comedy","556","2011-09-22","http://www.imdb.com/title/tt1986325/"
"14","tt2240224","Thu Oct  4 07:18:19 2012","Thu Oct  4 07:18:19 2012","","The Office: Roy's Wedding","TV Episode","Matt Sohn","","7.1","","2005","comedy, romance","185","2012-09-27","http://www.imdb.com/title/tt2240224/"
"13","tt2409188","Thu Oct  4 07:16:49 2012","Thu Oct  4 07:16:49 2012","","New Girl: Fluffer","TV Episode","Fred Goss","","7.5","","2011","comedy","184","2012-10-02","http://www.imdb.com/title/tt2409188/"
"12","tt2217760","Thu Oct  4 07:16:44 2012","Thu Oct  4 07:16:44 2012","","New Girl: Katie","TV Episode","Larry Charles","","7.6","","2011","comedy","237","2012-09-25","http://www.imdb.com/title/tt2217760/"
"11","tt2301132","Tue Oct  2 21:38:08 2012","Tue Oct  2 21:38:08 2012","","The Middle.: Last Whiff of Summer: Part 2","TV Episode","Lee Shallat Chemel","","7.5","","2009","comedy","43","2012-09-26","http://www.imdb.com/title/tt2301132/"
"10","tt2301130","Tue Oct  2 21:37:52 2012","Tue Oct  2 21:37:52 2012","","The Middle.: Last Whiff of Summer: Part 1","TV Episode","Lee Shallat Chemel","","7.3","","2009","comedy","45","2012-09-26","http://www.imdb.com/title/tt2301130/"
"9","tt2402469","Tue Oct  2 21:36:51 2012","Tue Oct  2 21:36:51 2012","","The Mentalist: The Crimson Ticket","TV Episode","Randy Zisk","","8.5","","2008","crime, drama, mystery, thriller","463","2012-09-30","http://www.imdb.com/title/tt2402469/"
"8","tt2163522","Mon Oct  1 07:25:24 2012","Mon Oct  1 07:25:24 2012","","Last Resort: Captain","TV Episode","Martin Campbell","","8.3","","2012","action, drama, mystery, sci_fi, thriller","597","2012-09-27","http://www.imdb.com/title/tt2163522/"
"7","tt1248345","Thu Sep 27 22:21:37 2012","Thu Sep 27 22:21:37 2012","","30 Rock: The One with the Cast of 'Night Court'","TV Episode","Gail Mancuso","","7.9","","2006","comedy","346","2008-11-13","http://www.imdb.com/title/tt1248345/"
"6","tt2157844","Thu Sep 27 22:20:43 2012","Thu Sep 27 22:20:43 2012","","The Mindy Project: Pilot","TV Episode","Charles McDougall","","6.4","","2012","comedy","119","2012-09-25","http://www.imdb.com/title/tt2157844/"
"5","tt2079708","Thu Sep 27 19:43:33 2012","Thu Sep 27 19:43:33 2012","","Awake: That's Not My Penguin","TV Episode","Scott Winant","","8.2","","2012","drama, fantasy, mystery","128","2012-04-05","http://www.imdb.com/title/tt2079708/"
"4","tt2397171","Thu Sep 27 19:43:03 2012","Thu Sep 27 19:43:03 2012","","Modern Family: Bringing Up Baby","TV Episode","Steven Levitan","","8.2","","2009","comedy","427","2012-09-26","http://www.imdb.com/title/tt2397171/"
"3","tt0062138","Wed Sep 26 21:16:50 2012","Wed Sep 26 21:16:50 2012","","Point Blank","Feature Film","John Boorman","8","7.4","92","1967","crime, drama, thriller","8655","1967-08-30","http://www.imdb.com/title/tt0062138/"
"2","tt2217758","Wed Sep 26 21:15:58 2012","Wed Sep 26 21:15:58 2012","","New Girl: Re-launch","TV Episode","Steve Pink","","7.1","","2011","comedy","261","2012-09-25","http://www.imdb.com/title/tt2217758/"
"1","tt1987365","Wed Sep 26 21:15:24 2012","Wed Sep 26 21:15:24 2012","","Suits: Identity Crisis","TV Episode","Norberto Barba","","8.3","","2011","comedy, drama","311","2011-08-11","http://www.imdb.com/title/tt1987365/"
